{"SYS": 62.569272962500065, "QNT": 62.54042817799996, "SLP": 59.00975609379998, "RAD": 57.84965678000003, "ERN": 56.11806421890009, "ARPA": 53.791867878684855, "FET": 52.986790878200054, "IMX": 50.36176628974977, "ANY": 47.998263766000036, "ROSE": 46.325914587970885, "SUPER": 44.61832551130004, "VOXEL": 44.50596586197008, "OOKI": 43.74120464447998, "TFUEL": 42.64738199740003, "XVS": 39.14125916789976, "AUDIO": 38.43517460650037, "BETA": 37.92330458368002, "VTHO": 34.40618451567002, "PLA": 33.987072590130026, "LUNA": 33.72846371229991, "ZEC": 33.238155455600065, "BNX": 32.94240920589999, "GALA": 32.659036410509884, "ONE": 31.758070555934125, "AAVE": 31.245296523200125, "DUSK": 30.965341718300124, "STPT": 30.6639150975289, "QI": 30.11184426760002, "KNC": 27.590588945199784, "XTZ": 27.4303545546, "ALPINE": 26.987029962449014, "ANKR": 26.964600792215208, "WAVES": 26.16354244130008, "INJ": 26.026684236099925, "MATIC": 25.704019786400067, "SUSHI": 25.463009174000035, "OM": 24.84394848719984, "POLY": 23.60219005358988, "POND": 22.960935026735513, "WRX": 22.032573274700155, "HIVE": 20.852357145499866, "CHR": 20.801623251800095, "FLM": 14.910737205999965, "LTO": 14.734565579100035, "NEO": 14.008308009499842, "STX": 13.499014192000118, "CVX": 12.925119967659725, "TRX": 10.973031421101098, "CKB": 10.103711425300048, "WTC": 9.988926387000049, "HARD": 5.533230469400053, "BAND": 1.2302189782998312}